Company Name,City / Location,Job Title,Experience Required,Required Skills,Salary Range,Job Posting Link / URL,Source Platform,Posting Date,Company Website,Company Size / Industry,Search Keyword Used,Application Status,extracted_email,status
PwC India,Jaipur,Associate,Associate,Not Mentioned,Not Mentioned,https://in.linkedin.com/jobs/view/associate-at-pwc-india-4291066596,LinkedIn,2 weeks ago,Not Mentioned,Full-time | Business Consulting and Services,Data Analyst,Failed (Login Required),,SKIPPED_NO_EMAIL
Puffy,Jaipur,Data Analyst (On-site in Dubai),Mid-Senior level,"SQL, Python, R, Tableau, Statistics, ETL, Reporting, Data Visualization",Not Mentioned,https://in.linkedin.com/jobs/view/data-analyst-on-site-in-dubai-at-puffy-4432196605,LinkedIn,1 week ago,Not Mentioned,"Full-time | Retail, Internet Marketplace Platforms, and Marketing Services",Data Analyst,Failed (No Easy Apply),,FAILED_TO_LOAD
Auriga IT,Jaipur,Others,Not Applicable,Not Mentioned,Not Mentioned,https://in.linkedin.com/jobs/view/others-at-auriga-it-4333163807,LinkedIn,8 months ago,Not Mentioned,Full-time | IT Services and IT Consulting,Data Analyst,Failed (No Easy Apply),,FAILED_TO_LOAD
Accenture in India,Jaipur,Measurement & Report Analyst,Entry level,"Excel, Power BI, VBA, Reporting",Not Mentioned,https://in.linkedin.com/jobs/view/measurement-report-analyst-at-accenture-in-india-4416447724,LinkedIn,1 week ago,Not Mentioned,Full-time | IT Services and IT Consulting,Data Analyst,Failed (No Easy Apply),,FAILED_TO_LOAD
Accenture in India,Jaipur,Data Engineer,Mid-Senior level,"SQL, ETL",Not Mentioned,https://in.linkedin.com/jobs/view/data-engineer-at-accenture-in-india-4287154113,LinkedIn,1 week ago,Not Mentioned,Full-time | IT Services and IT Consulting,Data Analyst,Failed (No Easy Apply),,FAILED_TO_LOAD
Bill Gosling Outsourcing,Jaipur,"Associate, E-commerce - Data Excellence",Not Applicable,Not Mentioned,Not Mentioned,https://in.linkedin.com/jobs/view/associate-e-commerce-data-excellence-at-bill-gosling-outsourcing-4414755575,LinkedIn,1 month ago,https://www.billgosling.com/careers,Full-time | Outsourcing and Offshoring Consulting,Data Analyst,Applying...,,FAILED_TO_LOAD
Bill Gosling Outsourcing,Jaipur,"Associate, E-commerce - Data Excellence",Not Applicable,Not Mentioned,Not Mentioned,https://in.linkedin.com/jobs/view/associate-e-commerce-data-excellence-at-bill-gosling-outsourcing-4414750829,LinkedIn,1 month ago,https://www.billgosling.com/careers,Full-time | Outsourcing and Offshoring Consulting,Data Analyst,Failed (No Easy Apply),,FAILED_TO_LOAD
Accenture in India,Jaipur,Data Engineer,Mid-Senior level,ETL,Not Mentioned,https://in.linkedin.com/jobs/view/data-engineer-at-accenture-in-india-4434639149,LinkedIn,6 days ago,Not Mentioned,Full-time | IT Services and IT Consulting,Data Analyst,Failed (No Easy Apply),,FAILED_TO_LOAD
Accenture in India,Jaipur,Measurement and Reporting New Associate,Entry level,"Excel, Reporting",Not Mentioned,https://in.linkedin.com/jobs/view/measurement-and-reporting-new-associate-at-accenture-in-india-4432846715,LinkedIn,1 week ago,Not Mentioned,Full-time | IT Services and IT Consulting,Data Analyst,Applying...,,FAILED_TO_LOAD
Mindrift,Jaipur,Freelance Data Scraping Engineer (Python),Not Applicable,"Excel, Python",Not Mentioned,https://in.linkedin.com/jobs/view/freelance-data-scraping-engineer-python-at-mindrift-4438177492,LinkedIn,8 hours ago,Not Mentioned,Part-time | IT Services and IT Consulting,Data Analyst,Failed (Login Required),,FAILED_TO_LOAD
Appbay technologies,Jaipur,Associate Databricks Developer,Not Applicable,"SQL, Python, ETL",Not Mentioned,https://in.linkedin.com/jobs/view/associate-databricks-developer-at-appbay-technologies-4418771096,LinkedIn,1 month ago,Not Mentioned,Full-time | Information Technology & Services,Data Analyst,Failed (Login Required),,FAILED_TO_LOAD
Spaulding Ridge,Jaipur,Snowflake Senior Analyst,Not Applicable,"SQL, Power BI, Tableau, VBA, ETL, Data Visualization",Not Mentioned,https://in.linkedin.com/jobs/view/snowflake-senior-analyst-at-spaulding-ridge-4320901783,LinkedIn,1 week ago,Not Mentioned,Full-time | Business Consulting and Services,Data Analyst,Failed (Login Required),,FAILED_TO_LOAD
Accenture in India,Jaipur,Measurement & Report Specialist,Mid-Senior level,"Excel, Power BI, VBA, Reporting, Data Visualization",Not Mentioned,https://in.linkedin.com/jobs/view/measurement-report-specialist-at-accenture-in-india-4337326109,LinkedIn,1 week ago,Not Mentioned,Full-time | IT Services and IT Consulting,Data Analyst,Failed (Login Required),,FAILED_TO_LOAD
Appbay technologies,Jaipur,Databricks Developer,Not Applicable,"SQL, Python, Power BI, Tableau, ETL, Reporting, Data Visualization",Not Mentioned,https://in.linkedin.com/jobs/view/databricks-developer-at-appbay-technologies-4418767136,LinkedIn,1 month ago,Not Mentioned,Full-time | Information Technology & Services,Data Analyst,Failed (Login Required),,FAILED_TO_LOAD
NAV India,Jaipur,Technical Lead,Mid-Senior level,SQL,Not Mentioned,https://in.linkedin.com/jobs/view/technical-lead-at-nav-india-4433200646,LinkedIn,1 week ago,Not Mentioned,"Full-time | Software Development, IT System Custom Software Development, and Financial Services",Data Analyst,Not Applied,,FAILED_TO_LOAD
Norsk Hydro,Jaipur,"Senior Analyst/Assistant Manager, GL",Not Applicable,Reporting,Not Mentioned,https://in.linkedin.com/jobs/view/senior-analyst-assistant-manager-gl-at-norsk-hydro-4420936078,LinkedIn,2 weeks ago,Not Mentioned,Full-time | Mining,Data Analyst,Not Applied,,FAILED_TO_LOAD
Wipro,Jaipur,TECHNICAL LEAD L1,Not Applicable,Reporting,Not Mentioned,https://in.linkedin.com/jobs/view/technical-lead-l1-at-wipro-4434252614,LinkedIn,1 week ago,Not Mentioned,Full-time | IT Services and IT Consulting,Data Analyst,Not Applied,,FAILED_TO_LOAD
Atrium,Jaipur,AI Lead,Mid-Senior level,"SQL, Python, Statistics",Not Mentioned,https://in.linkedin.com/jobs/view/ai-lead-at-atrium-4415907139,LinkedIn,1 week ago,Not Mentioned,Full-time | Information Technology & Services,Data Analyst,Not Applied,,FAILED_TO_LOAD
Angara Ecommerce Pvt. Ltd.,Jaipur,Senior Product Analyst,Mid-Senior level,Reporting,Not Mentioned,https://in.linkedin.com/jobs/view/senior-product-analyst-at-angara-ecommerce-pvt-ltd-4435397168,LinkedIn,4 hours ago,Not Mentioned,"Full-time | Technology, Information and Internet, Retail Luxury Goods and Jewelry, and Wholesale Luxury Goods and Jewelry",Data Analyst,Not Applied,,FAILED_TO_LOAD
r3 Consultant,Jaipur,Senior Data Analyst,Not Applicable,"SQL, Excel, Python, Statistics, Reporting, Data Visualization",Not Mentioned,https://in.linkedin.com/jobs/view/senior-data-analyst-at-r3-consultant-4386978200,LinkedIn,3 months ago,Not Mentioned,Full-time | Staffing and Recruiting,Data Analyst,Not Applied,,FAILED_TO_LOAD
Spaulding Ridge,Jaipur,Snowflake - Data Architect,Not Applicable,"SQL, Power BI, Tableau, VBA, ETL, Data Visualization",Not Mentioned,https://in.linkedin.com/jobs/view/snowflake-data-architect-at-spaulding-ridge-4287336027,LinkedIn,2 hours ago,Not Mentioned,Full-time | Business Consulting and Services,Data Analyst,Not Applied,,FAILED_TO_LOAD
Epergne Solutions,Jaipur,Azure Data Engineer,Entry level,"SQL, Python, ETL",Not Mentioned,https://in.linkedin.com/jobs/view/azure-data-engineer-at-epergne-solutions-4375817575,LinkedIn,4 months ago,Not Mentioned,Full-time | IT Services and IT Consulting,Data Analyst,Not Applied,,FAILED_TO_LOAD
Jade Global,Jaipur,Technical Lead,Not Applicable,"SQL, ETL, Reporting, Data Visualization",Not Mentioned,https://in.linkedin.com/jobs/view/technical-lead-at-jade-global-4407825402,LinkedIn,2 months ago,Not Mentioned,Full-time | IT Services and IT Consulting,Data Analyst,Not Applied,,FAILED_TO_LOAD
TELUS Digital AI Data Solutions,Jaipur,Remote-based Punjabi-speaking Online Data Analyst,Entry level,Not Mentioned,Not Mentioned,https://in.linkedin.com/jobs/view/remote-based-punjabi-speaking-online-data-analyst-at-telus-digital-ai-data-solutions-4438187605,LinkedIn,7 hours ago,Not Mentioned,Part-time | IT Services and IT Consulting,Data Analyst,Not Applied,,FAILED_TO_LOAD
Miratech,Jaipur,Junior Google DialogFlow Engineer,Mid-Senior level,"SQL, Python",Not Mentioned,https://in.linkedin.com/jobs/view/junior-google-dialogflow-engineer-at-miratech-4424870726,LinkedIn,3 weeks ago,Not Mentioned,Full-time | Software Development and IT Services and IT Consulting,Data Analyst,Not Applied,,FAILED_TO_LOAD
r3 Consultant,Jaipur,Senior Data Analyst-sales intel,Not Applicable,"SQL, Excel, Python, Statistics, Reporting, Data Visualization",Not Mentioned,https://in.linkedin.com/jobs/view/senior-data-analyst-sales-intel-at-r3-consultant-4386971508,LinkedIn,3 months ago,Not Mentioned,Full-time | Staffing and Recruiting,Data Analyst,Not Applied,,FAILED_TO_LOAD
r3 Consultant,Jaipur,Revenue Operations Specialist,Not Applicable,"SQL, Excel, Python, ETL, Reporting, Data Visualization",Not Mentioned,https://in.linkedin.com/jobs/view/revenue-operations-specialist-at-r3-consultant-4303514511,LinkedIn,9 months ago,Not Mentioned,Full-time | Staffing and Recruiting,Data Analyst,Not Applied,,FAILED_TO_LOAD
Biz4Group LLC,Jaipur,AI Engineer,Entry level,"SQL, Python",Not Mentioned,https://in.linkedin.com/jobs/view/ai-engineer-at-biz4group-llc-4173056784,LinkedIn,1 year ago,Not Mentioned,Full-time | IT System Custom Software Development and Software Development,Data Analyst,Not Applied,,FAILED_TO_LOAD
r3 Consultant,Jaipur,Lead Data Engineer,Not Applicable,"SQL, Python, ETL",40-50 LPA,https://in.linkedin.com/jobs/view/lead-data-engineer-at-r3-consultant-4386968580,LinkedIn,3 months ago,Not Mentioned,Full-time | Staffing and Recruiting,Data Analyst,Not Applied,,FAILED_TO_LOAD
Durapid Technologies Private Limited,Jaipur,Python AI/ML Intern,Entry level,Python,Not Mentioned,https://in.linkedin.com/jobs/view/python-ai-ml-intern-at-durapid-technologies-private-limited-4424329865,LinkedIn,1 month ago,Not Mentioned,Full-time | IT Services and IT Consulting,Data Analyst,Not Applied,,FAILED_TO_LOAD
UiPath,Jaipur,Senior Forward Deployed Scientist,Not Applicable,"SQL, Python, R, Statistics, Data Visualization",Not Mentioned,https://in.linkedin.com/jobs/view/senior-forward-deployed-scientist-at-uipath-4371957148,LinkedIn,1 week ago,Not Mentioned,Full-time | Software Development,Data Analyst,Not Applied,,FAILED_TO_LOAD
AH International Private Limited,Jaipur,Manager,Mid-Senior level,"SQL, Python",Not Mentioned,https://in.linkedin.com/jobs/view/manager-at-ah-international-private-limited-4417886151,LinkedIn,1 month ago,Not Mentioned,Full-time | Hospitality,Data Analyst,Not Applied,,FAILED_TO_LOAD
PAR Technology,Jaipur,Senior Functional Analyst - Salesforce ( Pacific Time Zone),Not Applicable,Reporting,Not Mentioned,https://in.linkedin.com/jobs/view/senior-functional-analyst-salesforce-pacific-time-zone-at-par-technology-4319514731,LinkedIn,1 week ago,Not Mentioned,Full-time | Software Development,Data Analyst,Not Applied,,FAILED_TO_LOAD
Biz4Group LLC,Jaipur,Technical Lead,Not Applicable,Reporting,Not Mentioned,https://in.linkedin.com/jobs/view/technical-lead-at-biz4group-llc-4415059782,LinkedIn,1 month ago,Not Mentioned,Full-time | Software Development,Data Analyst,Not Applied,,FAILED_TO_LOAD
Accenture in India,Jaipur,Record to Report Ops Senior Analyst,Mid-Senior level,Reporting,Not Mentioned,https://in.linkedin.com/jobs/view/record-to-report-ops-senior-analyst-at-accenture-in-india-4412198733,LinkedIn,1 week ago,Not Mentioned,Full-time | Business Consulting and Services,Data Analyst,Not Applied,,FAILED_TO_LOAD
MetLife,Jaipur,Team Leader - Quality Analyst,Not Applicable,"Excel, Statistics, Reporting",Not Mentioned,https://in.linkedin.com/jobs/view/team-leader-quality-analyst-at-metlife-4430481713,LinkedIn,2 weeks ago,Not Mentioned,Full-time | Insurance,Data Analyst,Not Applied,,FAILED_TO_LOAD
Accenture in India,Jaipur,Record to Report Ops Senior Analyst,Mid-Senior level,Reporting,Not Mentioned,https://in.linkedin.com/jobs/view/record-to-report-ops-senior-analyst-at-accenture-in-india-4412412318,LinkedIn,1 week ago,Not Mentioned,Full-time | Business Consulting and Services,Data Analyst,Not Applied,,FAILED_TO_LOAD
Appbay technologies,Jaipur,Associate Appian Developer,Not Applicable,"SQL, Reporting",Not Mentioned,https://in.linkedin.com/jobs/view/associate-appian-developer-at-appbay-technologies-4410172887,LinkedIn,1 month ago,Not Mentioned,Full-time | Information Technology & Services,Data Analyst,Not Applied,,FAILED_TO_LOAD
RWS Group,Jaipur,Speech AI Evaluation Specialist,Associate,Not Mentioned,Not Mentioned,https://in.linkedin.com/jobs/view/speech-ai-evaluation-specialist%C2%A0-at-rws-group-4431767782,LinkedIn,2 weeks ago,Not Mentioned,Contract | Translation and Localization,Data Analyst,Not Applied,,FAILED_TO_LOAD
Accenture in India,Jaipur,Record to Report Ops Senior Analyst,Mid-Senior level,Reporting,Not Mentioned,https://in.linkedin.com/jobs/view/record-to-report-ops-senior-analyst-at-accenture-in-india-4411232359,LinkedIn,1 week ago,Not Mentioned,Full-time | Business Consulting and Services,Data Analyst,Not Applied,,FAILED_TO_LOAD
Accenture in India,Jaipur,Record to Report Ops Senior Analyst,Mid-Senior level,Reporting,Not Mentioned,https://in.linkedin.com/jobs/view/record-to-report-ops-senior-analyst-at-accenture-in-india-4412413219,LinkedIn,1 week ago,Not Mentioned,Full-time | Business Consulting and Services,Data Analyst,Not Applied,,FAILED_TO_LOAD
Accenture in India,Jaipur,Recruiting Senior Analyst,Mid-Senior level,Not Mentioned,Not Mentioned,https://in.linkedin.com/jobs/view/recruiting-senior-analyst-at-accenture-in-india-4346702156,LinkedIn,4 days ago,Not Mentioned,Full-time | Human Resources,Data Analyst,Not Applied,,FAILED_TO_LOAD
Accenture in India,Jaipur,Record to Report Ops Senior Analyst,Mid-Senior level,Reporting,Not Mentioned,https://in.linkedin.com/jobs/view/record-to-report-ops-senior-analyst-at-accenture-in-india-4377404484,LinkedIn,1 week ago,Not Mentioned,Full-time | Business Consulting and Services,Data Analyst,Not Applied,,FAILED_TO_LOAD
Accenture in India,Jaipur,Record to Report Ops Senior Analyst,Mid-Senior level,Reporting,Not Mentioned,https://in.linkedin.com/jobs/view/record-to-report-ops-senior-analyst-at-accenture-in-india-4432472433,LinkedIn,1 week ago,Not Mentioned,Full-time | Business Consulting and Services,Data Analyst,Not Applied,,FAILED_TO_LOAD
Accenture in India,Jaipur,Record to Report Ops Senior Analyst,Mid-Senior level,Reporting,Not Mentioned,https://in.linkedin.com/jobs/view/record-to-report-ops-senior-analyst-at-accenture-in-india-4411230345,LinkedIn,1 week ago,Not Mentioned,Full-time | Business Consulting and Services,Data Analyst,Not Applied,,FAILED_TO_LOAD
Accenture in India,Jaipur,Record to Report Ops Senior Analyst,Mid-Senior level,Reporting,Not Mentioned,https://in.linkedin.com/jobs/view/record-to-report-ops-senior-analyst-at-accenture-in-india-4412407410,LinkedIn,1 week ago,Not Mentioned,Full-time | Business Consulting and Services,Data Analyst,Not Applied,,FAILED_TO_LOAD
Accenture in India,Jaipur,Record to Report Ops Senior Analyst,Mid-Senior level,Reporting,Not Mentioned,https://in.linkedin.com/jobs/view/record-to-report-ops-senior-analyst-at-accenture-in-india-4412194985,LinkedIn,1 week ago,Not Mentioned,Full-time | Business Consulting and Services,Data Analyst,Not Applied,,FAILED_TO_LOAD
ListenFirst,Jaipur,Business Analyst,Associate,"R, Reporting, Data Visualization",Not Mentioned,https://in.linkedin.com/jobs/view/business-analyst-at-listenfirst-4437037953,LinkedIn,3 hours ago,Not Mentioned,Full-time | Marketing Services,Data Analyst,Not Applied,,FAILED_TO_LOAD
Accenture in India,Jaipur,Record to Report Ops Senior Analyst,Mid-Senior level,Reporting,Not Mentioned,https://in.linkedin.com/jobs/view/record-to-report-ops-senior-analyst-at-accenture-in-india-4412408361,LinkedIn,1 week ago,Not Mentioned,Full-time | Business Consulting and Services,Data Analyst,Not Applied,,FAILED_TO_LOAD
EPAM Systems,Jaipur,Lead/Sr MLOps Engineer - Domino Data Lab,Mid-Senior level,"Python, R",Not Mentioned,https://in.linkedin.com/jobs/view/lead-sr-mlops-engineer-domino-data-lab-at-epam-systems-4431586213,LinkedIn,1 week ago,Not Mentioned,Full-time | Software Development and IT Services and IT Consulting,Data Analyst,Not Applied,,SKIPPED_NO_EMAIL
Accenture in India,Jaipur,Record to Report Ops Senior Analyst,Mid-Senior level,Reporting,Not Mentioned,https://in.linkedin.com/jobs/view/record-to-report-ops-senior-analyst-at-accenture-in-india-4432476318,LinkedIn,1 week ago,Not Mentioned,Full-time | Business Consulting and Services,Data Analyst,Not Applied,,SKIPPED_NO_EMAIL
Accenture in India,Jaipur,Record to Report Ops Senior Analyst,Mid-Senior level,Reporting,Not Mentioned,https://in.linkedin.com/jobs/view/record-to-report-ops-senior-analyst-at-accenture-in-india-4412401487,LinkedIn,1 week ago,Not Mentioned,Full-time | Business Consulting and Services,Data Analyst,Not Applied,,SKIPPED_NO_EMAIL
Accenture in India,Jaipur,Record to Report Ops Senior Analyst,Mid-Senior level,Reporting,Not Mentioned,https://in.linkedin.com/jobs/view/record-to-report-ops-senior-analyst-at-accenture-in-india-4412401488,LinkedIn,1 week ago,Not Mentioned,Full-time | Business Consulting and Services,Data Analyst,Not Applied,,SKIPPED_NO_EMAIL
Accenture in India,Jaipur,Record to Report Ops Senior Analyst,Mid-Senior level,Reporting,Not Mentioned,https://in.linkedin.com/jobs/view/record-to-report-ops-senior-analyst-at-accenture-in-india-4412413218,LinkedIn,1 week ago,Not Mentioned,Full-time | Business Consulting and Services,Data Analyst,Not Applied,,SKIPPED_NO_EMAIL
Accenture in India,Jaipur,Record to Report Ops Senior Analyst,Mid-Senior level,Reporting,Not Mentioned,https://in.linkedin.com/jobs/view/record-to-report-ops-senior-analyst-at-accenture-in-india-4412413217,LinkedIn,1 week ago,Not Mentioned,Full-time | Business Consulting and Services,Data Analyst,Not Applied,,SKIPPED_NO_EMAIL
Accenture in India,Jaipur,Record to Report Ops Senior Analyst,Mid-Senior level,Reporting,Not Mentioned,https://in.linkedin.com/jobs/view/record-to-report-ops-senior-analyst-at-accenture-in-india-4412410346,LinkedIn,1 week ago,Not Mentioned,Full-time | Business Consulting and Services,Data Analyst,Not Applied,,FAILED_TO_LOAD
Accenture in India,Jaipur,Record to Report Ops Senior Analyst,Mid-Senior level,Reporting,Not Mentioned,https://in.linkedin.com/jobs/view/record-to-report-ops-senior-analyst-at-accenture-in-india-4412410341,LinkedIn,1 week ago,Not Mentioned,Full-time | Business Consulting and Services,Data Analyst,Not Applied,,SKIPPED_NO_EMAIL
Accenture in India,Jaipur,Record to Report Ops Senior Analyst,Mid-Senior level,Reporting,Not Mentioned,https://in.linkedin.com/jobs/view/record-to-report-ops-senior-analyst-at-accenture-in-india-4412409381,LinkedIn,1 week ago,Not Mentioned,Full-time | Business Consulting and Services,Data Analyst,Not Applied,,SKIPPED_NO_EMAIL
Accenture in India,Jaipur,Record to Report Ops Senior Analyst,Mid-Senior level,Reporting,Not Mentioned,https://in.linkedin.com/jobs/view/record-to-report-ops-senior-analyst-at-accenture-in-india-4412409377,LinkedIn,1 week ago,Not Mentioned,Full-time | Business Consulting and Services,Data Analyst,Not Applied,,SKIPPED_NO_EMAIL
Accenture in India,Jaipur,Record to Report Ops Senior Analyst,Mid-Senior level,Reporting,Not Mentioned,https://in.linkedin.com/jobs/view/record-to-report-ops-senior-analyst-at-accenture-in-india-4412408360,LinkedIn,1 week ago,Not Mentioned,Full-time | Business Consulting and Services,Data Analyst,Not Applied,,FAILED_TO_LOAD
Accenture in India,Jaipur,Record to Report Ops Senior Analyst,Mid-Senior level,Reporting,Not Mentioned,https://in.linkedin.com/jobs/view/record-to-report-ops-senior-analyst-at-accenture-in-india-4411216543,LinkedIn,1 week ago,Not Mentioned,Full-time | Business Consulting and Services,Data Analyst,Not Applied,,FAILED_TO_LOAD
Accenture in India,Jaipur,Record to Report Ops Senior Analyst,Mid-Senior level,Reporting,Not Mentioned,https://in.linkedin.com/jobs/view/record-to-report-ops-senior-analyst-at-accenture-in-india-4411215497,LinkedIn,1 week ago,Not Mentioned,Full-time | Business Consulting and Services,Data Analyst,Not Applied,,FAILED_TO_LOAD
Accenture in India,Jaipur,Record to Report Ops Senior Analyst,Mid-Senior level,Reporting,Not Mentioned,https://in.linkedin.com/jobs/view/record-to-report-ops-senior-analyst-at-accenture-in-india-4411215496,LinkedIn,1 week ago,Not Mentioned,Full-time | Business Consulting and Services,Data Analyst,Not Applied,,FAILED_TO_LOAD
Accenture in India,Jaipur,Record to Report Ops Senior Analyst,Mid-Senior level,Reporting,Not Mentioned,https://in.linkedin.com/jobs/view/record-to-report-ops-senior-analyst-at-accenture-in-india-4411215496,LinkedIn,1 week ago,Not Mentioned,Full-time | Business Consulting and Services,Data Analyst,Not Applied,,FAILED_TO_LOAD
Accenture in India,Jaipur,Record to Report Ops Senior Analyst,Mid-Senior level,Reporting,Not Mentioned,https://in.linkedin.com/jobs/view/record-to-report-ops-senior-analyst-at-accenture-in-india-4411214518,LinkedIn,1 week ago,Not Mentioned,Full-time | Business Consulting and Services,Data Analyst,Not Applied,,FAILED_TO_LOAD
Accenture in India,Jaipur,Record to Report Ops Senior Analyst,Mid-Senior level,Reporting,Not Mentioned,https://in.linkedin.com/jobs/view/record-to-report-ops-senior-analyst-at-accenture-in-india-4411210871,LinkedIn,1 week ago,Not Mentioned,Full-time | Business Consulting and Services,Data Analyst,Not Applied,,FAILED_TO_LOAD
Accenture in India,Jaipur,Record to Report Ops Senior Analyst,Mid-Senior level,Reporting,Not Mentioned,https://in.linkedin.com/jobs/view/record-to-report-ops-senior-analyst-at-accenture-in-india-4410900632,LinkedIn,1 week ago,Not Mentioned,Full-time | Business Consulting and Services,Data Analyst,Not Applied,,FAILED_TO_LOAD
Truworth Wellness,Jaipur,Software Development Engineer L2,Mid-Senior level,Reporting,Not Mentioned,https://in.linkedin.com/jobs/view/software-development-engineer-l2-at-truworth-wellness-4428480918,LinkedIn,3 weeks ago,Not Mentioned,Full-time | Business Consulting and Services,Data Analyst,Not Applied,,FAILED_TO_LOAD
Truworth Wellness,Jaipur,Software Development Engineer L2,Mid-Senior level,Reporting,Not Mentioned,https://in.linkedin.com/jobs/view/software-development-engineer-l2-at-truworth-wellness-4428480918,LinkedIn,3 weeks ago,Not Mentioned,Full-time | Business Consulting and Services,Data Analyst,Not Applied,,FAILED_TO_LOAD
Accenture in India,Jaipur,Record to Report Ops Senior Analyst,Mid-Senior level,Reporting,Not Mentioned,https://in.linkedin.com/jobs/view/record-to-report-ops-senior-analyst-at-accenture-in-india-4377193942,LinkedIn,1 week ago,Not Mentioned,Full-time | Business Consulting and Services,Data Analyst,Not Applied,,FAILED_TO_LOAD
Accenture in India,Jaipur,Record to Report Ops Senior Analyst,Mid-Senior level,Reporting,Not Mentioned,https://in.linkedin.com/jobs/view/record-to-report-ops-senior-analyst-at-accenture-in-india-4377193942,LinkedIn,1 week ago,Not Mentioned,Full-time | Business Consulting and Services,Data Analyst,Not Applied,,FAILED_TO_LOAD
Accenture in India,Jaipur,Record to Report Ops Senior Analyst,Mid-Senior level,Reporting,Not Mentioned,https://in.linkedin.com/jobs/view/record-to-report-ops-senior-analyst-at-accenture-in-india-4423087050,LinkedIn,1 week ago,Not Mentioned,Full-time | Business Consulting and Services,Data Analyst,Not Applied,,FAILED_TO_LOAD
Rajasthan Patrika Pvt. Ltd.,Jaipur,Business Analyst,Mid-Senior level,Reporting,Not Mentioned,https://in.linkedin.com/jobs/view/business-analyst-at-rajasthan-patrika-pvt-ltd-4431918385,LinkedIn,1 week ago,Not Mentioned,Full-time | Business Consulting and Services,Data Analyst,Not Applied,,FAILED_TO_LOAD
Accenture in India,Jaipur,Forward Deployed Engineer,Mid-Senior level,Reporting,Not Mentioned,https://in.linkedin.com/jobs/view/forward-deployed-engineer-at-accenture-in-india-4430757785,LinkedIn,1 week ago,Not Mentioned,Full-time | Business Consulting and Services,Data Analyst,Not Applied,,FAILED_TO_LOAD
Accenture in India,Jaipur,Forward Deployed Engineer,Mid-Senior level,Reporting,Not Mentioned,https://in.linkedin.com/jobs/view/forward-deployed-engineer-at-accenture-in-india-4430757785,LinkedIn,1 week ago,Not Mentioned,Full-time | Business Consulting and Services,Data Analyst,Not Applied,,FAILED_TO_LOAD
Accenture in India,Jaipur,Forward Deployed Engineer,Mid-Senior level,Reporting,Not Mentioned,https://in.linkedin.com/jobs/view/forward-deployed-engineer-at-accenture-in-india-4430775065,LinkedIn,1 week ago,Not Mentioned,Full-time | Business Consulting and Services,Data Analyst,Not Applied,,FAILED_TO_LOAD
Accenture in India,Jaipur,Forward Deployed Engineer,Mid-Senior level,Reporting,Not Mentioned,https://in.linkedin.com/jobs/view/forward-deployed-engineer-at-accenture-in-india-4430775065,LinkedIn,1 week ago,Not Mentioned,Full-time | Business Consulting and Services,Data Analyst,Not Applied,,FAILED_TO_LOAD
Accenture in India,Jaipur,Order to Cash Operations Senior Analyst,Mid-Senior level,Reporting,Not Mentioned,https://in.linkedin.com/jobs/view/order-to-cash-operations-senior-analyst-at-accenture-in-india-4408581542,LinkedIn,1 week ago,Not Mentioned,Full-time | Business Consulting and Services,Data Analyst,Not Applied,,FAILED_TO_LOAD
Accenture in India,Jaipur,Forward Deployed Engineer,Mid-Senior level,Reporting,Not Mentioned,https://in.linkedin.com/jobs/view/forward-deployed-engineer-at-accenture-in-india-4430758833,LinkedIn,1 week ago,Not Mentioned,Full-time | Business Consulting and Services,Data Analyst,Not Applied,,FAILED_TO_LOAD
Accenture in India,Jaipur,Forward Deployed Engineer,Mid-Senior level,Reporting,Not Mentioned,https://in.linkedin.com/jobs/view/forward-deployed-engineer-at-accenture-in-india-4430758828,LinkedIn,1 week ago,Not Mentioned,Full-time | Business Consulting and Services,Data Analyst,Not Applied,,FAILED_TO_LOAD
Accenture in India,Jaipur,Order to Cash Operations Senior Analyst,Mid-Senior level,Reporting,Not Mentioned,https://in.linkedin.com/jobs/view/order-to-cash-operations-senior-analyst-at-accenture-in-india-4429729748,LinkedIn,1 week ago,Not Mentioned,Full-time | Business Consulting and Services,Data Analyst,Not Applied,,FAILED_TO_LOAD
Accenture in India,Jaipur,Forward Deployed Engineer,Mid-Senior level,Reporting,Not Mentioned,https://in.linkedin.com/jobs/view/forward-deployed-engineer-at-accenture-in-india-4430758828,LinkedIn,1 week ago,Not Mentioned,Full-time | Business Consulting and Services,Data Analyst,Not Applied,,FAILED_TO_LOAD
Accenture in India,Jaipur,Order to Cash Operations Senior Analyst,Mid-Senior level,Reporting,Not Mentioned,https://in.linkedin.com/jobs/view/order-to-cash-operations-senior-analyst-at-accenture-in-india-4429729748,LinkedIn,1 week ago,Not Mentioned,Full-time | Business Consulting and Services,Data Analyst,Not Applied,,FAILED_TO_LOAD
Accenture in India,Jaipur,Forward Deployed Engineer,Entry level,Python,Not Mentioned,https://in.linkedin.com/jobs/view/forward-deployed-engineer-at-accenture-in-india-4430760731,LinkedIn,1 week ago,Not Mentioned,Full-time | IT Services and IT Consulting,Data Analyst,Not Applied,,FAILED_TO_LOAD
Accenture in India,Jaipur,Forward Deployed Engineer,Entry level,Python,Not Mentioned,https://in.linkedin.com/jobs/view/forward-deployed-engineer-at-accenture-in-india-4430760731,LinkedIn,1 week ago,Not Mentioned,Full-time | IT Services and IT Consulting,Data Analyst,Not Applied,,FAILED_TO_LOAD
Accenture in India,Jaipur,Record to Report Ops Senior Analyst,Mid-Senior level,Reporting,Not Mentioned,https://in.linkedin.com/jobs/view/record-to-report-ops-senior-analyst-at-accenture-in-india-4410908374,LinkedIn,1 week ago,Not Mentioned,Full-time | Business Consulting and Services,Data Analyst,Not Applied,,FAILED_TO_LOAD
Accenture in India,Jaipur,Record to Report Ops Senior Analyst,Mid-Senior level,Reporting,Not Mentioned,https://in.linkedin.com/jobs/view/record-to-report-ops-senior-analyst-at-accenture-in-india-4410908374,LinkedIn,1 week ago,Not Mentioned,Full-time | Business Consulting and Services,Data Analyst,Not Applied,,FAILED_TO_LOAD
Accenture in India,Jaipur,Order to Cash Operations Senior Analyst,Mid-Senior level,"Excel, Reporting",Not Mentioned,https://in.linkedin.com/jobs/view/order-to-cash-operations-senior-analyst-at-accenture-in-india-4408700122,LinkedIn,1 week ago,Not Mentioned,Full-time | Business Consulting and Services,Data Analyst,Not Applied,,FAILED_TO_LOAD
Accenture in India,Jaipur,Order to Cash Operations Senior Analyst,Mid-Senior level,"Excel, Reporting",Not Mentioned,https://in.linkedin.com/jobs/view/order-to-cash-operations-senior-analyst-at-accenture-in-india-4408700122,LinkedIn,1 week ago,Not Mentioned,Full-time | Business Consulting and Services,Data Analyst,Not Applied,,FAILED_TO_LOAD
Accenture in India,Jaipur,Forward Deployed Engineer,Entry level,Python,Not Mentioned,https://in.linkedin.com/jobs/view/forward-deployed-engineer-at-accenture-in-india-4430761764,LinkedIn,1 week ago,Not Mentioned,Full-time | IT Services and IT Consulting,Data Analyst,Not Applied,,FAILED_TO_LOAD
AddWeb Solution Private Limited,Jaipur,Business Analyst [Fresher],Associate,Not Mentioned,000 LPA,https://in.linkedin.com/jobs/view/business-analyst-fresher-at-addweb-solution-private-limited-4426611284,LinkedIn,1 month ago,https://addwebsolution.com/careers,Full-time | Information Services,Business Analyst,Not Applied,,FAILED_TO_LOAD
AKD Realty,Jaipur,Business Analyst- Strategy & New Business,Mid-Senior level,Reporting,10-20 LPA,https://in.linkedin.com/jobs/view/business-analyst-strategy-new-business-at-akd-realty-4436063985,LinkedIn,2 days ago,Not Mentioned,Full-time | Real Estate,Business Analyst,Not Applied,,FAILED_TO_LOAD
ViralChilly: Create | Grow | Learn,Jaipur,Business Analyst,Not Applicable,Reporting,Not Mentioned,https://in.linkedin.com/jobs/view/business-analyst-at-viralchilly-create-grow-learn-4437796041,LinkedIn,1 day ago,Not Mentioned,Full-time | Marketing Services,Business Analyst,Not Applied,,FAILED_TO_LOAD
EPAM Systems,Jaipur,Senior / Lead Business Analyst - PC Insurance,Mid-Senior level,Not Mentioned,Not Mentioned,https://in.linkedin.com/jobs/view/senior-lead-business-analyst-pc-insurance-at-epam-systems-4427831915,LinkedIn,2 weeks ago,Not Mentioned,Full-time | Software Development and IT Services and IT Consulting,Business Analyst,Not Applied,,FAILED_TO_LOAD
Aelum Consulting - ServiceNow Premier Partner,Jaipur,Business Analyst,Not Applicable,Not Mentioned,Not Mentioned,https://in.linkedin.com/jobs/view/business-analyst-at-aelum-consulting-servicenow-premier-partner-4419264460,LinkedIn,1 month ago,Not Mentioned,Full-time | IT Services and IT Consulting,Business Analyst,Not Applied,,FAILED_TO_LOAD
Accenture in India,Jaipur,Business Interlock Analyst,Entry level,Reporting,Not Mentioned,https://in.linkedin.com/jobs/view/business-interlock-analyst-at-accenture-in-india-4430721282,LinkedIn,1 week ago,Not Mentioned,Full-time | IT Services and IT Consulting,Business Analyst,Not Applied,,FAILED_TO_LOAD
Accenture in India,Jaipur,Procure to Pay Operations Senior Analyst,Mid-Senior level,Reporting,Not Mentioned,https://in.linkedin.com/jobs/view/procure-to-pay-operations-senior-analyst-at-accenture-in-india-4357474823,LinkedIn,1 week ago,Not Mentioned,Full-time | Business Consulting and Services,Business Analyst,Not Applied,,FAILED_TO_LOAD
Accenture in India,Jaipur,Record to Report Ops Senior Analyst,Mid-Senior level,Reporting,Not Mentioned,https://in.linkedin.com/jobs/view/record-to-report-ops-senior-analyst-at-accenture-in-india-4410911316,LinkedIn,1 week ago,Not Mentioned,Full-time | Business Consulting and Services,Business Analyst,Not Applied,,FAILED_TO_LOAD
Accenture in India,Jaipur,Record to Report Ops Senior Analyst,Mid-Senior level,"Excel, Reporting",Not Mentioned,https://in.linkedin.com/jobs/view/record-to-report-ops-senior-analyst-at-accenture-in-india-4380535161,LinkedIn,1 week ago,Not Mentioned,Full-time | Business Consulting and Services,Business Analyst,Not Applied,,FAILED_TO_LOAD
Accenture in India,Jaipur,Mobilization Senior Analyst,Mid-Senior level,Reporting,Not Mentioned,https://in.linkedin.com/jobs/view/mobilization-senior-analyst-at-accenture-in-india-4434718837,LinkedIn,1 week ago,Not Mentioned,Full-time | Services for the Elderly and Disabled,Business Analyst,Not Applied,,FAILED_TO_LOAD
Accenture in India,Jaipur,Delivery Operations Senior Analyst,Mid-Senior level,"Excel, Reporting",Not Mentioned,https://in.linkedin.com/jobs/view/delivery-operations-senior-analyst-at-accenture-in-india-4397381122,LinkedIn,1 week ago,Not Mentioned,Full-time | Services for the Elderly and Disabled,Business Analyst,Not Applied,,FAILED_TO_LOAD
Accenture in India,Jaipur,Order to Cash Operations Senior Analyst,Mid-Senior level,"Excel, Reporting",Not Mentioned,https://in.linkedin.com/jobs/view/order-to-cash-operations-senior-analyst-at-accenture-in-india-4408584430,LinkedIn,1 week ago,Not Mentioned,Full-time | Business Consulting and Services,Business Analyst,Not Applied,,FAILED_TO_LOAD
Accenture in India,Jaipur,Delivery Operations Senior Analyst,Mid-Senior level,Reporting,Not Mentioned,https://in.linkedin.com/jobs/view/delivery-operations-senior-analyst-at-accenture-in-india-4405463326,LinkedIn,1 week ago,Not Mentioned,Full-time | Services for the Elderly and Disabled,Business Analyst,Not Applied,,FAILED_TO_LOAD
Accenture in India,Jaipur,Delivery Operations Senior Analyst,Mid-Senior level,Reporting,Not Mentioned,https://in.linkedin.com/jobs/view/delivery-operations-senior-analyst-at-accenture-in-india-4344232467,LinkedIn,1 week ago,Not Mentioned,Full-time | Services for the Elderly and Disabled,Business Analyst,Not Applied,,FAILED_TO_LOAD
Accenture in India,Jaipur,Order to Cash Operations Senior Analyst,Mid-Senior level,"Excel, Reporting",Not Mentioned,https://in.linkedin.com/jobs/view/order-to-cash-operations-senior-analyst-at-accenture-in-india-4408598210,LinkedIn,1 week ago,Not Mentioned,Full-time | Business Consulting and Services,Business Analyst,Not Applied,,FAILED_TO_LOAD
Accenture in India,Jaipur,Order to Cash Operations Senior Analyst,Mid-Senior level,"Excel, Reporting",Not Mentioned,https://in.linkedin.com/jobs/view/order-to-cash-operations-senior-analyst-at-accenture-in-india-4408585389,LinkedIn,1 week ago,Not Mentioned,Full-time | Business Consulting and Services,Business Analyst,Not Applied,,FAILED_TO_LOAD
Accenture in India,Jaipur,Order to Cash Operations Senior Analyst,Mid-Senior level,"Excel, Reporting",Not Mentioned,https://in.linkedin.com/jobs/view/order-to-cash-operations-senior-analyst-at-accenture-in-india-4408581543,LinkedIn,1 week ago,Not Mentioned,Full-time | Business Consulting and Services,Business Analyst,Not Applied,,FAILED_TO_LOAD
Accenture in India,Jaipur,Delivery Operations Senior Analyst,Mid-Senior level,Reporting,Not Mentioned,https://in.linkedin.com/jobs/view/delivery-operations-senior-analyst-at-accenture-in-india-4344232470,LinkedIn,1 week ago,Not Mentioned,Full-time | Services for the Elderly and Disabled,Business Analyst,Not Applied,,FAILED_TO_LOAD
Accenture in India,Jaipur,Delivery Operations Senior Analyst,Mid-Senior level,Reporting,Not Mentioned,https://in.linkedin.com/jobs/view/delivery-operations-senior-analyst-at-accenture-in-india-4344093200,LinkedIn,1 week ago,Not Mentioned,Full-time | Services for the Elderly and Disabled,Business Analyst,Not Applied,,FAILED_TO_LOAD
Accenture in India,Jaipur,Delivery Operations Senior Analyst,Mid-Senior level,Reporting,Not Mentioned,https://in.linkedin.com/jobs/view/delivery-operations-senior-analyst-at-accenture-in-india-4432411556,LinkedIn,1 week ago,Not Mentioned,Full-time | Services for the Elderly and Disabled,Business Analyst,Not Applied,,FAILED_TO_LOAD
Accenture in India,Jaipur,Order to Cash Operations Senior Analyst,Mid-Senior level,"Excel, Reporting",Not Mentioned,https://in.linkedin.com/jobs/view/order-to-cash-operations-senior-analyst-at-accenture-in-india-4408593273,LinkedIn,1 week ago,Not Mentioned,Full-time | Business Consulting and Services,Business Analyst,Not Applied,,FAILED_TO_LOAD
Accenture in India,Jaipur,Order to Cash Operations Senior Analyst,Mid-Senior level,"Excel, Reporting",Not Mentioned,https://in.linkedin.com/jobs/view/order-to-cash-operations-senior-analyst-at-accenture-in-india-4408588313,LinkedIn,1 week ago,Not Mentioned,Full-time | Business Consulting and Services,Business Analyst,Not Applied,,SKIPPED_NO_EMAIL
Accenture in India,Jaipur,Order to Cash Operations Senior Analyst,Mid-Senior level,"Excel, Reporting",Not Mentioned,https://in.linkedin.com/jobs/view/order-to-cash-operations-senior-analyst-at-accenture-in-india-4408585393,LinkedIn,1 week ago,Not Mentioned,Full-time | Business Consulting and Services,Business Analyst,Not Applied,,SKIPPED_NO_EMAIL
Accenture in India,Jaipur,Order to Cash Operations Senior Analyst,Mid-Senior level,"Excel, Reporting",Not Mentioned,https://in.linkedin.com/jobs/view/order-to-cash-operations-senior-analyst-at-accenture-in-india-4408585392,LinkedIn,1 week ago,Not Mentioned,Full-time | Business Consulting and Services,Business Analyst,Not Applied,,SKIPPED_NO_EMAIL
Accenture in India,Jaipur,Order to Cash Operations Senior Analyst,Mid-Senior level,"Excel, Reporting",Not Mentioned,https://in.linkedin.com/jobs/view/order-to-cash-operations-senior-analyst-at-accenture-in-india-4408522472,LinkedIn,1 week ago,Not Mentioned,Full-time | Business Consulting and Services,Business Analyst,Not Applied,,SKIPPED_NO_EMAIL
Accenture in India,Jaipur,Order to Cash Operations Senior Analyst,Mid-Senior level,"Excel, Reporting",Not Mentioned,https://in.linkedin.com/jobs/view/order-to-cash-operations-senior-analyst-at-accenture-in-india-4408512598,LinkedIn,1 week ago,Not Mentioned,Full-time | Business Consulting and Services,Business Analyst,Not Applied,,SKIPPED_NO_EMAIL
Accenture in India,Jaipur,Order to Cash Operations Senior Analyst,Mid-Senior level,Reporting,Not Mentioned,https://in.linkedin.com/jobs/view/order-to-cash-operations-senior-analyst-at-accenture-in-india-4429741338,LinkedIn,1 week ago,Not Mentioned,Full-time | Business Consulting and Services,Business Analyst,Not Applied,,SKIPPED_NO_EMAIL
Accenture in India,Jaipur,Order to Cash Operations Senior Analyst,Mid-Senior level,Reporting,Not Mentioned,https://in.linkedin.com/jobs/view/order-to-cash-operations-senior-analyst-at-accenture-in-india-4429733679,LinkedIn,1 week ago,Not Mentioned,Full-time | Business Consulting and Services,Business Analyst,Not Applied,,SKIPPED_NO_EMAIL
Accenture in India,Jaipur,Procure to Pay Operations Senior Analyst,Mid-Senior level,Reporting,Not Mentioned,https://in.linkedin.com/jobs/view/procure-to-pay-operations-senior-analyst-at-accenture-in-india-4379986460,LinkedIn,1 week ago,Not Mentioned,Full-time | Business Consulting and Services,Business Analyst,Not Applied,,FAILED_TO_LOAD
Accenture in India,Jaipur,Order to Cash Operations Senior Analyst,Mid-Senior level,Reporting,Not Mentioned,https://in.linkedin.com/jobs/view/order-to-cash-operations-senior-analyst-at-accenture-in-india-4429725826,LinkedIn,1 week ago,Not Mentioned,Full-time | Business Consulting and Services,Business Analyst,Not Applied,,SKIPPED_NO_EMAIL
Accenture in India,Jaipur,Order to Cash Operations Senior Analyst,Mid-Senior level,Reporting,Not Mentioned,https://in.linkedin.com/jobs/view/order-to-cash-operations-senior-analyst-at-accenture-in-india-4429723843,LinkedIn,1 week ago,Not Mentioned,Full-time | Business Consulting and Services,Business Analyst,Not Applied,,SKIPPED_NO_EMAIL
Accenture in India,Jaipur,Order to Cash Operations Senior Analyst,Mid-Senior level,Reporting,Not Mentioned,https://in.linkedin.com/jobs/view/order-to-cash-operations-senior-analyst-at-accenture-in-india-4429744000,LinkedIn,1 week ago,Not Mentioned,Full-time | Business Consulting and Services,Business Analyst,Not Applied,,SKIPPED_NO_EMAIL
Accenture in India,Jaipur,Order to Cash Operations Senior Analyst,Mid-Senior level,Reporting,Not Mentioned,https://in.linkedin.com/jobs/view/order-to-cash-operations-senior-analyst-at-accenture-in-india-4429726752,LinkedIn,1 week ago,Not Mentioned,Full-time | Business Consulting and Services,Business Analyst,Not Applied,,SKIPPED_NO_EMAIL
Accenture in India,Jaipur,Order to Cash Operations Senior Analyst,Mid-Senior level,Reporting,Not Mentioned,https://in.linkedin.com/jobs/view/order-to-cash-operations-senior-analyst-at-accenture-in-india-4429732685,LinkedIn,1 week ago,Not Mentioned,Full-time | Business Consulting and Services,Business Analyst,Not Applied,,SKIPPED_NO_EMAIL
Accenture in India,Jaipur,Procure to Pay Operations Senior Analyst,Mid-Senior level,"Excel, Reporting, Data Visualization",Not Mentioned,https://in.linkedin.com/jobs/view/procure-to-pay-operations-senior-analyst-at-accenture-in-india-4435837804,LinkedIn,6 days ago,Not Mentioned,Full-time | Business Consulting and Services,Business Analyst,Not Applied,,SKIPPED_NO_EMAIL
Accenture in India,Jaipur,Procure to Pay Operations Senior Analyst,Mid-Senior level,"Excel, Reporting, Data Visualization",Not Mentioned,https://in.linkedin.com/jobs/view/procure-to-pay-operations-senior-analyst-at-accenture-in-india-4435833896,LinkedIn,6 days ago,Not Mentioned,Full-time | Business Consulting and Services,Business Analyst,Not Applied,,SKIPPED_NO_EMAIL
सादा / SAADAA,Jaipur,ERPNext Developer,Mid-Senior level,"SQL, Python, Reporting",Not Mentioned,https://in.linkedin.com/jobs/view/erpnext-developer-at-%E0%A4%B8%E0%A4%BE%E0%A4%A6%E0%A4%BE-saadaa-4416746002,LinkedIn,1 month ago,Not Mentioned,Full-time | Retail Apparel and Fashion,Business Analyst,Not Applied,,CANCELLED_INTERRUPTED
